mp-10074_p,1.713337724
mp-10074_v_Ge,0.754272415
mp-10074_v_Se,1.167640584
mp-1007922_p,1.0066036
mp-1007922_v_Cu,1.138796514
mp-1007922_v_I,1.109544274
mp-1008559_p,1.131340595
mp-1008559_v_B,0.304821949
mp-1008559_v_P,0.749619268
mp-1009820_p,1.446421236
mp-1009820_v_C,1.65850678
mp-1009820_v_Sn,0.431109992
mp-10159_p,0.713564182
mp-10159_v_K,1.06195156
mp-10159_v_Sb,0.901077844
mp-10161_p,0.367408137
mp-10161_v_K,0.697210138
mp-10161_v_Sb,0.690516137
mp-10161_v_Zn,0.530812512
mp-1019508_p,2.175822444
mp-1019508_v_Al,1.301166856
mp-1019508_v_Ga,1.258907573
mp-1019508_v_N,2.320097214
mp-1022_p,2.363717066
mp-1022_v_K,2.167359703
mp-1022_v_S,1.951736678
mp-1025185_p,5.042596408
mp-1025185_v_Ca,3.89411264
mp-1025185_v_Cl,4.552519342
mp-1025185_v_Cs,4.798265371
mp-10281_p,1.988227147
mp-10281_v_S,1.084809124
mp-10281_v_Zn,0.816885815
mp-10289_p,0.623249591
mp-10289_v_B,0.172492977
mp-10289_v_C,0.613589548
mp-10289_v_Ca,0.548282221
mp-10378_p,0.704094619
mp-10378_v_Cs,0.859689326
mp-10378_v_Sb,0.936289378
mp-10417_p,2.323389792
mp-10417_v_K,2.259905628
mp-10417_v_O,1.559185221
mp-10417_v_Sb,1.593743681
mp-10418_p,2.375445174
mp-10418_v_O,1.504925716
mp-10418_v_Rb,2.296450519
mp-10418_v_Sb,1.223559983
mp-10437_p,0.539656212
mp-10437_v_Ba,0.515193176
mp-10437_v_Cu,0.5219416
mp-10437_v_Se,0.669835484
mp-10487_p,0.661427165
mp-10487_v_Rb,0.526948495
mp-10487_v_Sb,0.535438447
mp-10614_p,1.324242112
mp-10614_v_Li,1.312786118
mp-10614_v_P,1.00404573
mp-10614_v_Sr,1.301602238
mp-10615_p,0.904941861
mp-10615_v_Ba,0.942547997
mp-10615_v_Li,0.922057823
mp-10615_v_P,0.76240862
mp-10621_p,2.035847073
mp-10621_v_Rb,1.982703236
mp-10621_v_S,1.29398305
mp-10621_v_Sb,1.443183081
mp-10627_p,2.42562297
mp-10627_v_S,1.997179694
mp-10627_v_Sr,1.844687085
mp-10680_p,1.659350333
mp-10680_v_Ba,1.306609133
mp-10680_v_Se,1.025379457
mp-1068340_p,3.487683375
mp-1068340_v_Br,2.316233197
mp-1068340_v_Cs,3.265393561
mp-1068340_v_Ge,2.867236557
mp-1070375_p,3.485207139
mp-1070375_v_Cl,2.42679306
mp-1070375_v_Cs,3.308632454
mp-1070375_v_Sn,3.017987637
mp-10748_p,2.291089876
mp-10748_v_Cu,1.964798144
mp-10748_v_S,1.065788365
mp-10748_v_Ta,0.173554221
mp-1078250_p,1.946022287
mp-1078250_v_Ag,1.811679673
mp-1078250_v_Bi,1.425332412
mp-1078250_v_Br,1.724004587
mp-1078250_v_Cs,1.857177111
mp-1080232_p,3.706680612
mp-1080232_v_Cs,3.377504472
mp-1080232_v_I,3.421614129
mp-1080232_v_Sr,2.923128745
mp-1084796_p,1.302119255
mp-1084796_v_Ca,1.380079876
mp-1084796_v_Se,1.246499181
mp-1084796_v_Zn,1.362038727
mp-10953_p,0.958276178
mp-10953_v_Cd,0.723850086
mp-10953_v_S,0.969187944
mp-10953_v_Sc,0.75868066
mp-1096997_p,2.296559365
mp-1096997_v_Br,2.273239207
mp-1096997_v_Pb,2.294981105
mp-11025_p,1.459863661
mp-11025_v_P,0.650297709
mp-11025_v_Zn,0.439790425
mp-1103709_p,3.126452223
mp-1103709_v_Br,2.803126531
mp-1103709_v_Cd,2.141508886
mp-1103709_v_I,2.83548087
mp-1103709_v_Rb,2.873740079
mp-1104268_p,3.128792402
mp-1104268_v_Bi,1.549797292
mp-1104268_v_Cl,2.454630308
mp-1104268_v_Cs,3.03453216
mp-1106_p,0.500499027
mp-1106_v_Si,0.528336275
mp-1106_v_Sr,0.512172712
mp-1106183_p,4.051421664
mp-1106183_v_Al,2.021996478
mp-1106183_v_Li,3.501098589
mp-1106183_v_S,2.958285856
mp-1111110_p,6.757403546
mp-1111110_v_F,6.337423011
mp-1111110_v_K,6.774900468
mp-1111110_v_Li,6.737239909
mp-1111110_v_Sc,5.386221794
mp-1120768_p,1.606533033
mp-1120768_v_Cs,1.649717503
mp-1120768_v_I,1.633989321
mp-1120768_v_Pb,1.671949205
mp-11327_p,1.94313788
mp-11327_v_Rb,1.764195804
mp-11327_v_Se,1.258961996
mp-1156_p,0.11915866
mp-1156_v_Ga,0.240167695
mp-1156_v_Sb,0.478512227
mp-11582_p,2.009642508
mp-11582_v_Ga,0.751551277
mp-11582_v_Li,1.806999315
mp-11582_v_Se,1.83124466
mp-11660_p,1.168130389
mp-11660_v_Hf,1.172212097
mp-11660_v_N,0.763170539
mp-11661_p,0.730870623
mp-11661_v_N,0.644066301
mp-11661_v_Zr,0.713945141
mp-11695_p,1.208348818
mp-11695_v_Pd,0.512390403
mp-11695_v_Rb,1.153681143
mp-11695_v_S,0.985922946
mp-1170_p,2.134270657
mp-1170_v_S,1.070033341
mp-1170_v_Sn,0.16272409
mp-11703_p,2.0516841
mp-1175_p,1.503537936
mp-1175_v_S,1.496871146
mp-1175_v_Sr,1.322908754
mp-11824_p,0.753646553
mp-11824_v_Ca,0.911690285
mp-11824_v_N,1.179776862
mp-11824_v_P,0.812450359
mp-1186_p,1.233791464
mp-1186_v_S,0.279488148
mp-1186_v_Zr,0.062259652
mp-1188344_p,5.084991748
mp-1188344_v_Cl,4.815952772
mp-1188344_v_Cs,4.838674279
mp-1188344_v_Li,4.371563623
mp-1190_p,1.103639403
mp-1190_v_Se,1.108183705
mp-1190_v_Zn,1.326255754
mp-1205391_p,3.005470399
mp-1205391_v_O,2.487637719
mp-1205391_v_Sb,2.872406721
mp-1205391_v_Ta,2.845440237
mp-1206444_p,1.314146687
mp-1206444_v_Cs,0.996861924
mp-1206444_v_I,0.966929399
mp-1206444_v_O,1.028672034
mp-1209286_p,1.22704304
mp-1209286_v_Cd,0.723197012
mp-1209286_v_O,0.894383843
mp-1209286_v_Rb,1.143014279
mp-1209499_p,0.577670519
mp-1209499_v_Cd,1.07354361
mp-1209499_v_O,0.821321271
mp-1209499_v_Rb,1.10652381
mp-1213706_p,1.983220252
mp-1213706_v_Cs,1.879354391
mp-1213706_v_O,0.755769042
mp-1213706_v_Pb,1.768250301
mp-1214228_p,4.677229125
mp-1214228_v_Ba,4.415591646
mp-1214228_v_O,3.089716851
mp-1214228_v_Si,2.865631086
mp-1214228_v_Zr,2.976517485
mp-1214420_p,7.180921562
mp-1214420_v_Ba,6.8901679
mp-1214420_v_F,6.74393391
mp-1214420_v_Hf,5.015303388
mp-1222404_p,1.688412094
mp-1222404_v_Bi,1.485986592
mp-1222404_v_Li,1.632519906
mp-1222404_v_S,0.958629926
mp-1223443_p,1.413032865
mp-1223443_v_Bi,0.995065972
mp-1223443_v_K,1.270336356
mp-1223443_v_S,0.711224002
mp-1226455_p,4.087340694
mp-1226455_v_B,1.746916574
mp-1226455_v_Cs,4.033026767
mp-1226455_v_Ge,2.012581338
mp-1226455_v_O,3.244468005
mp-1253_p,2.822092868
mp-1253_v_Ba,2.312505237
mp-1253_v_Se,1.975356162
mp-1265_p,4.184131595
mp-1265_v_Mg,3.945787063
mp-1265_v_O,2.718662388
mp-12814_p,0.719360207
mp-12814_v_Ba,0.74651717
mp-12814_v_N,0.38768062
mp-12814_v_Sb,0.759959595
mp-12927_p,1.385957536
mp-12927_v_Ba,1.434883608
mp-12927_v_Be,0.740013649
mp-12927_v_N,0.829593532
mp-13277_p,1.285656366
mp-13277_v_Ba,1.236213277
mp-13277_v_Li,1.26728868
mp-13277_v_P,1.146633394
mp-1340_p,0.954629852
mp-1340_v_Ga,0.398401906
mp-1340_v_Se,0.898084592
mp-1342_p,2.97406846
mp-1342_v_Ba,2.202380757
mp-1342_v_O,1.777937555
mp-13660_p,0.92652049
mp-13660_v_Ca,0.886410907
mp-13660_v_O,0.955010812
mp-13660_v_Sb,0.849920438
mp-1379_p,1.554613708
mp-1379_v_S,0.971147164
mp-1379_v_Sn,1.385113983
mp-13820_p,0.929704222
mp-13820_v_Cd,0.984126995
mp-13820_v_O,0.901540438
mp-13820_v_Si,0.974085993
mp-1394_p,1.618533254
mp-1394_v_O,1.835054254
mp-1394_v_Rb,1.46397258
mp-1415_p,2.428017572
mp-1415_v_Ca,2.038677058
mp-1415_v_Se,2.207496498
mp-14168_p,5.697492841
mp-14168_v_F,4.568818962
mp-14168_v_Ge,1.26296207
mp-14168_v_K,5.363554709
mp-14232_p,8.022379259
mp-14232_v_B,6.625591591
mp-14232_v_Li,7.730999735
mp-14232_v_O,5.262273929
mp-14280_p,1.65379921
mp-14280_v_Ga,1.275397673
mp-14280_v_S,1.575539264
mp-14280_v_Sn,1.556246391
mp-14289_p,0.599276359
mp-14289_v_Ba,0.538731025
mp-14289_v_P,0.598650497
mp-14336_p,0.596364741
mp-14336_v_Cs,0.467328347
mp-14336_v_Ni,0.114369456
mp-14336_v_Se,0.569752005
mp-1434_p,1.48497977
mp-1434_v_Mo,0.078069467
mp-1434_v_S,0.536145943
mp-14591_p,1.161599656
mp-14591_v_Li,1.154116525
mp-14591_v_S,1.157409103
mp-14591_v_Sb,1.106306119
mp-14628_p,1.223070178
mp-14628_v_O,1.289166635
mp-14628_v_Sn,1.83105418
mp-14628_v_Zn,1.856224713
mp-1479_p,1.405631368
mp-1479_v_B,0.314808527
mp-1479_v_P,1.668085188
mp-149_p,0.775878256
mp-149_v_Si,0.056844586
mp-14951_p,2.56499969
mp-14951_v_Al,1.193355344
mp-14951_v_O,1.434067267
mp-14951_v_Rb,2.409922
mp-1500_p,3.145772307
mp-1500_v_Ba,2.554278404
mp-1500_v_S,2.040309741
mp-15252_p,0.143349583
mp-15252_v_Cu,0.271841749
mp-15252_v_Ge,0.185880979
mp-15252_v_S,0.262780357
mp-15312_p,3.192630314
mp-15312_v_Al,2.71202281
mp-15312_v_Ca,2.131168559
mp-15312_v_O,2.463936602
mp-15312_v_Te,3.07104984
mp-1536_p,0.723414703
mp-1536_v_K,0.609018036
mp-1536_v_Sb,0.612582727
mp-1542042_p,2.857630938
mp-1542042_v_Cl,2.651069305
mp-1542042_v_Cs,2.664783844
mp-1542042_v_Hg,2.474685099
mp-1550_p,2.214489824
mp-1550_v_Al,0.689454893
mp-1550_v_P,2.348968495
mp-15621_p,0.034830574
mp-15621_v_Al,0.377884521
mp-15621_v_Sb,0.171975961
mp-15661_p,0.321584163
mp-15661_v_C,0.193989973
mp-15661_v_Sc,0.35176159
mp-1572_p,1.199151369
mp-1572_v_Ga,0.141852957
mp-1572_v_Se,1.203722882
mp-15776_p,1.367481004
mp-15776_v_Ga,0.816123896
mp-15776_v_Se,1.321820298
mp-15776_v_Zn,0.933214491
mp-15895_p,1.075774944
mp-15895_v_Cu,1.095993004
mp-15895_v_S,1.125326878
mp-15895_v_Si,0.319679366
mp-15896_p,0.248603225
mp-15896_v_Cu,0.501233735
mp-15896_v_Se,0.485859301
mp-15896_v_Si,0.449858637
mp-1591_p,2.046922108
mp-1591_v_Al,0.519927957
mp-1591_v_C,0.895608356
mp-15988_p,0.749319943
mp-15988_v_Cu,0.690842674
mp-15988_v_Li,0.643794187
mp-15988_v_Sb,0.77261289
mp-1599_p,3.86230253
mp-1599_v_B,0.019537775
mp-1599_v_N,2.072555233
mp-16253_p,0.283216108
mp-16253_v_Ba,0.324196456
mp-16253_v_Ca,0.287978101
mp-16253_v_Si,0.317094284
mp-16264_p,0.60145327
mp-16264_v_Ca,0.629671478
mp-16264_v_Li,0.640855357
mp-16264_v_Sb,0.689509316
mp-1634_p,1.390855585
mp-1634_v_Mo,0.026803215
mp-1634_v_Se,0.875607987
mp-165_p,0.767088978
mp-165_v_Si,0.289393093
mp-16911_p,1.837775393
mp-16911_v_Rb,1.390529049
mp-16911_v_S,1.758726316
mp-17129_p,1.92506952
mp-17129_v_Al,1.231696187
mp-17129_v_N,1.861911892
mp-17129_v_Sr,1.846047654
mp-17173_p,0.169472514
mp-17173_v_Rh,0.09619225
mp-17173_v_S,0.323244057
mp-17538_p,2.221020557
mp-17538_v_K,2.005370321
mp-17538_v_Sb,1.054196315
mp-17538_v_Se,1.156239013
mp-17678_p,1.367970809
mp-17678_v_S,1.276567763
mp-17678_v_Sc,0.94162281
mp-17678_v_Sr,1.27907121
mp-17875_p,0.805511456
mp-17875_v_Ca,0.422701674
mp-17875_v_Ga,0.427164341
mp-17875_v_N,0.772585678
mp-17912_p,2.236939218
mp-17912_v_Rb,2.002894085
mp-17912_v_Sb,0.870301766
mp-17912_v_Se,1.198198971
mp-17926_p,0.492199554
mp-17926_v_Ni,0.378319903
mp-17926_v_Sb,0.45285189
mp-17926_v_Zr,0.387354083
mp-17954_p,0.357612038
mp-17954_v_Ba,0.337666092
mp-17954_v_Cu,0.327461822
mp-17954_v_S,0.383326798
mp-17954_v_Sn,0.303624648
mp-18163_p,0.748421967
mp-18163_v_Cd,0.464852111
mp-18163_v_Ge,0.465722876
mp-18163_v_Se,0.696203317
mp-1821_p,1.509442806
mp-1821_v_Se,1.063856357
mp-1821_v_W,0.01178253
mp-18217_p,2.325485069
mp-18217_v_Al,1.291887773
mp-18217_v_K,2.2538647
mp-18217_v_Se,1.698589152
mp-18300_p,0.292250288
mp-18300_v_Al,0.058640537
mp-18300_v_Ca,0.179649572
mp-18300_v_Sb,0.294073451
mp-1840_p,2.282164542
mp-1840_v_O,2.352451552
mp-1840_v_Ti,2.358410846
mp-1848_p,0.026667159
mp-1848_v_Ru,0.458375801
mp-1848_v_Te,0.382156708
mp-18509_p,6.203842316
mp-18509_v_Be,3.528173918
mp-18509_v_F,5.693792092
mp-18509_v_K,5.817685534
mp-18509_v_Zn,4.515838393
mp-18609_p,0.864043147
mp-18609_v_K,0.631630698
mp-18609_v_Se,0.823933564
mp-18635_p,0.298454484
mp-18635_v_Ga,0.552690466
mp-18635_v_N,0.384197562
mp-18635_v_Sr,0.532309138
mp-1876_p,2.253456529
mp-1876_v_S,1.138850937
mp-1876_v_Sn,1.588981688
mp-18773_p,1.702562015
mp-18773_v_O,1.20192693
mp-18773_v_W,0.99541972
mp-189_p,0.439736002
mp-189_v_Ru,0.284467832
mp-189_v_Si,0.320876667
mp-19_p,0.699305415
mp-19_v_Te,0.331870067
mp-19138_p,1.243995734
mp-19138_v_Ba,1.124891496
mp-19138_v_Ni,0.316169097
mp-19138_v_O,0.574296307
mp-19241_p,1.210090346
mp-19241_v_Ba,1.125027553
mp-19241_v_Ni,0.330808823
mp-19241_v_O,0.583684235
mp-1933_p,1.592954551
mp-1933_v_Cu,1.314228322
mp-1933_v_N,1.364215638
mp-19390_p,0.614678004
mp-19390_v_O,1.997723921
mp-19390_v_W,1.564110481
mp-1986_p,0.581398479
mp-1986_v_O,1.868986853
mp-1986_v_Zn,3.253175648
mp-1999_p,3.506676923
mp-1999_v_O,2.887753943
mp-1999_v_Sb,2.457351446
mp-20027_p,0.453613809
mp-20027_v_Fe,0.109199293
mp-20027_v_P,0.348986029
mp-20187_p,1.534967087
mp-20187_v_In,0.833593606
mp-20187_v_Li,1.368868785
mp-20187_v_Se,1.446230756
mp-20331_p,0.61794337
mp-20331_v_Cu,0.560010329
mp-20331_v_Sb,0.26008643
mp-20331_v_Se,0.581071942
mp-20351_p,0.373721179
mp-20351_v_In,0.947990274
mp-20351_v_P,0.776640175
mp-20496_p,3.522405104
mp-20496_v_Ga,2.714526258
mp-20496_v_O,2.795371286
mp-20496_v_Pb,3.044192202
mp-20694_p,1.604492179
mp-20694_v_K,1.589716396
mp-20694_v_O,0.632882421
mp-20694_v_Pb,1.572818125
mp-2074_p,1.171939983
mp-2074_v_Li,1.177355049
mp-2074_v_Sb,1.299343693
mp-2076_p,0.492390034
mp-2076_v_Se,0.148737437
mp-2076_v_Zr,0.079375614
mp-21276_p,2.27389228
mp-21276_v_Pb,1.840523743
mp-21276_v_S,1.116020584
mp-2133_p,0.701917708
mp-2133_v_O,1.444815764
mp-2133_v_Zn,1.621063913
mp-2136_p,2.215741548
mp-2136_v_O,2.202598448
mp-2136_v_Sb,2.152447863
mp-2160_p,0.785102916
mp-2160_v_Sb,0.442239449
mp-2160_v_Se,0.452198817
mp-2168_p,0.944044623
mp-2168_v_Se,0.542078025
mp-2168_v_Sn,0.827226142
mp-2201_p,2.059711459
mp-2201_v_Pb,1.599893454
mp-2201_v_Se,1.074387163
mp-2229_p,0.907853479
mp-2229_v_O,2.572292342
mp-2229_v_Zn,3.745837796
mp-2231_p,0.937867638
mp-2231_v_S,0.662597255
mp-2231_v_Sn,0.803905984
mp-224_p,1.609961667
mp-224_v_S,0.992453679
mp-224_v_W,0.027619557
mp-2242_p,1.210525729
mp-2242_v_Ge,1.179559171
mp-2242_v_S,0.784177729
mp-2251_p,1.18051157
mp-2251_v_Li,1.313003809
mp-2251_v_N,1.514340856
mp-22628_p,3.167786318
mp-22628_v_Cs,2.805221808
mp-22628_v_N,0.064436563
mp-22628_v_O,2.700594028
mp-22736_p,0.012054644
mp-22736_v_Cu,0.73217677
mp-22736_v_In,0.640202284
mp-22736_v_S,0.647658204
mp-22811_p,-0.010721286
mp-22811_v_Cu,0.621644119
mp-22811_v_In,0.555057857
mp-22811_v_Se,0.518322485
mp-22849_p,2.485406386
mp-22849_v_Bi,1.357684905
mp-22849_v_I,1.858891429
mp-22856_p,1.310935744
mp-22856_v_Bi,1.109326583
mp-22856_v_S,1.132946066
mp-22862_p,4.895137906
mp-22862_v_Cl,4.476436306
mp-22862_v_Na,4.728468165
mp-22913_p,0.420198226
mp-22913_v_Br,1.99239049
mp-22913_v_Cu,2.049670458
mp-22917_p,0.981405856
mp-22917_v_Br,1.043284549
mp-22917_v_Cu,1.028155018
mp-22987_p,1.376324705
mp-22987_v_Bi,0.647494936
mp-22987_v_I,0.905295609
mp-22987_v_O,0.624201989
mp-22988_p,3.897378006
mp-22988_v_Cl,2.436262622
mp-22988_v_Cs,3.646298546
mp-22988_v_Ge,3.30797938
mp-22996_p,1.386284072
mp-22996_v_I,1.099884232
mp-22996_v_Sb,0.387245238
mp-22996_v_Se,0.924017043
mp-23020_p,1.509742132
mp-23020_v_Bi,0.458103687
mp-23020_v_I,1.289982976
mp-23020_v_Se,1.209165159
mp-23029_p,1.87364
mp-23029_v_Cs,1.655676796
mp-23029_v_I,1.209464484
mp-23029_v_Sb,0.650977993
mp-23037_p,4.211832786
mp-23037_v_Cl,3.217637578
mp-23037_v_Cs,4.018495887
mp-23037_v_Pb,3.667469004
mp-23041_p,1.668738262
mp-23041_v_I,1.295234774
mp-23041_v_S,1.049515956
mp-23041_v_Sb,0.65916862
mp-23202_p,1.759733137
mp-23202_v_I,1.643676575
mp-23202_v_In,1.748385989
mp-23212_p,0.102205967
mp-23212_v_Br,1.113272234
mp-23212_v_Cu,1.127667057
mp-23281_p,2.208067937
mp-23281_v_I,1.646316079
mp-23281_v_Sb,1.405223197
mp-23287_p,0.404252354
mp-23287_v_Cl,0.941105793
mp-23287_v_Cu,0.982820848
mp-23324_p,1.941777311
mp-23324_v_Bi,0.756068367
mp-23324_v_Br,1.69382716
mp-23324_v_S,1.655078146
mp-23514_p,1.791053443
mp-23514_v_Bi,0.778871509
mp-23514_v_I,1.505497155
mp-23514_v_S,1.412951231
mp-23535_p,3.644257692
mp-23535_v_Br,3.557888752
mp-23535_v_K,3.492608636
mp-23535_v_Zn,2.572183496
mp-23860_p,4.710154902
mp-23860_v_Cl,3.625100876
mp-23860_v_H,3.613644882
mp-23860_v_Sr,4.027611701
mp-239_p,1.359698548
mp-239_v_Ba,1.248349555
mp-239_v_S,1.313330346
mp-2455_p,1.003474291
mp-2455_v_As,0.441205417
mp-2455_v_Os,0.599983855
mp-2490_p,1.508272717
mp-2490_v_Ga,0.293801337
mp-2490_v_P,1.660683691
mp-2517_p,0.300713029
mp-2517_v_Ca,0.289229824
mp-2517_v_Si,0.30523012
mp-2534_p,0.105743447
mp-2534_v_As,0.629889169
mp-2534_v_Ga,0.671196053
mp-2624_p,1.298309661
mp-2624_v_Al,0.178125734
mp-2624_v_Sb,1.31792907
mp-2633_p,0.635385869
mp-2633_v_Ge,1.899980622
mp-2633_v_O,1.786536353
mp-2657_p,1.698725209
mp-2657_v_O,1.916253031
mp-2657_v_Ti,1.868796373
mp-2691_p,0.420796877
mp-2691_v_Cd,1.669391335
mp-2691_v_Se,1.707922658
mp-2693_p,2.063384996
mp-2693_v_Se,1.054550063
mp-2693_v_Sn,1.387862333
mp-27175_p,1.244920921
mp-27175_v_F,1.578886264
mp-27175_v_In,1.586206127
mp-27175_v_O,1.455972432
mp-27194_p,1.851925314
mp-27194_v_I,1.791815362
mp-27194_v_Sn,1.860714592
mp-27214_p,3.381613392
mp-27214_v_Br,2.261347831
mp-27214_v_Cs,3.191596281
mp-27214_v_Sn,2.852025392
mp-2758_p,2.796541376
mp-2758_v_Se,2.457541926
mp-2758_v_Sr,2.438820492
mp-27688_p,1.6406289
mp-27688_v_I,1.05313507
mp-27688_v_K,1.504082163
mp-27688_v_Te,0.708448441
mp-277_p,1.006821291
mp-277_v_N,0.83699503
mp-277_v_Zr,1.055611307
mp-27703_p,1.84694563
mp-27703_v_Br,1.273656145
mp-27703_v_In,0.990195134
mp-27703_v_O,1.113517137
mp-27809_p,0.550595189
mp-27809_v_Ba,0.544309359
mp-27809_v_Ge,0.36765304
mp-27809_v_P,0.454783898
mp-2782_p,1.459101742
mp-2782_v_P,0.822600206
mp-2782_v_Zn,0.158070943
mp-27828_p,2.231388095
mp-27828_v_Cl,1.662289163
mp-27828_v_Cs,2.020989656
mp-27828_v_Ti,0.237528191
mp-27871_p,1.269465591
mp-27871_v_Br,0.622514883
mp-27871_v_Rh,0.225527969
mp-27962_p,1.498286138
mp-27962_v_C,0.352795623
mp-27962_v_I,0.978521449
mp-28029_p,0.447708938
mp-28029_v_P,0.266317837
mp-28029_v_Tc,0.312985365
mp-2809_p,1.279343324
mp-2809_v_S,0.809702009
mp-2809_v_Sb,0.730244761
mp-2815_p,1.473877525
mp-2815_v_Mo,0.003619114
mp-2815_v_S,0.7363129
mp-28266_p,0.579983486
mp-28266_v_P,0.257637405
mp-28266_v_Pd,0.356877331
mp-28377_p,2.854229515
mp-28377_v_Cs,2.715777982
mp-28377_v_Ge,2.264341084
mp-28377_v_I,1.967301591
mp-2843_p,3.473070861
mp-2843_v_F,3.045688828
mp-2843_v_Sn,3.297339728
mp-2853_p,2.03598313
mp-2853_v_Ga,1.864524186
mp-2853_v_N,1.844904776
mp-28534_p,3.375735732
mp-28534_v_Br,2.884352519
mp-28534_v_Ca,3.163813456
mp-28534_v_In,3.319081626
mp-28558_p,1.839353653
mp-28558_v_Br,1.576872622
mp-28558_v_Ge,1.825367001
mp-28558_v_Rb,1.827952082
mp-28711_p,1.508245505
mp-28711_v_O,1.440978959
mp-28711_v_S,0.968997464
mp-28711_v_Sb,1.131395017
mp-28766_p,1.145408881
mp-28766_v_K,1.126633025
mp-28766_v_S,0.766000523
mp-28766_v_Ti,0.029225029
mp-2879_p,1.741964102
mp-2879_v_O,1.63828872
mp-2879_v_Sn,1.276975934
mp-2879_v_Sr,1.472190419
mp-28796_p,1.531021436
mp-28796_v_Au,0.691577381
mp-28796_v_O,1.4109648
mp-28796_v_Sr,1.259642281
mp-2898_p,1.621444872
mp-2898_v_Au,0.190642972
mp-2898_v_Ca,0.979800385
mp-2898_v_O,1.090605149
mp-29236_p,1.724276701
mp-29236_v_Br,1.616220286
mp-29236_v_In,0.491600904
mp-29236_v_Te,1.488734942
mp-29373_p,0.26087556
mp-29373_v_Al,0.037606136
mp-29373_v_K,0.16253361
mp-29373_v_Sb,0.125771027
mp-29398_p,2.204122286
mp-29398_v_Cs,2.094759725
mp-29398_v_Hf,0.781347745
mp-29398_v_I,1.906103184
mp-29476_p,0.481151732
mp-29476_v_Cu,0.481097309
mp-29476_v_Sb,0.427409244
mp-29476_v_Se,0.389530994
mp-29678_p,0.988018223
mp-29678_v_Ag,0.955827153
mp-29678_v_Bi,0.7418096
mp-29678_v_S,0.535901041
mp-2969_p,1.120973056
mp-2969_v_Cs,1.085924791
mp-2969_v_Sb,0.679413892
mp-2969_v_Se,0.801402536
mp-29754_p,0.479491837
mp-29754_v_Li,1.126551391
mp-29754_v_N,0.815198709
mp-29754_v_Sr,1.117925381
mp-2979_p,1.720249416
mp-2979_v_Ge,1.221900088
mp-2979_v_N,1.7801961
mp-2979_v_Zn,1.220947689
mp-29792_p,1.255234036
mp-29792_v_Ca,0.905594934
mp-29792_v_Nb,0.15037012
mp-29792_v_O,1.002331412
mp-29946_p,2.313648116
mp-29946_v_F,1.735433369
mp-29946_v_I,1.155096135
mp-29946_v_O,1.70580017
mp-2998_p,1.748766948
mp-2998_v_Ba,1.189300847
mp-2998_v_O,0.745646406
mp-2998_v_Ti,0.147893884
mp-30041_p,1.338772992
mp-30041_v_Bi,1.05645486
mp-30041_v_Rb,1.172375365
mp-30041_v_S,0.716339743
mp-30126_p,2.946965919
mp-30126_v_B,1.51521162
mp-30126_v_Ba,2.498984867
mp-30126_v_S,1.727950238
mp-30532_p,2.952925213
mp-30532_v_I,2.932435039
mp-30532_v_Tl,2.886855967
mp-30532_v_Zn,2.440698078
mp-3079_p,3.649863237
mp-3079_v_Ca,3.577154413
mp-3079_v_O,3.562623533
mp-3079_v_Ta,3.419790966
mp-30949_p,0.589262569
mp-30949_v_O,0.591684383
mp-30949_v_Si,0.607086027
mp-30949_v_Sr,0.580010698
mp-3098_p,1.785828857
mp-3098_v_Al,0.534241146
mp-3098_v_Cu,0.751388008
mp-3098_v_O,1.81279534
mp-3104_p,0.984752857
mp-3104_v_Ba,0.847743527
mp-3104_v_N,0.886546964
mp-3104_v_Zr,0.70921036
mp-3136_p,2.919264728
mp-3136_v_Na,2.910393816
mp-3136_v_Nb,2.618252373
mp-3136_v_O,2.546359891
mp-3161_p,0.692665837
mp-3161_v_Al,0.474022348
mp-3161_v_Li,0.645100334
mp-3161_v_Si,0.8395529
mp-3163_p,0.300713029
mp-3163_v_Ba,2.941550853
mp-3163_v_O,2.372152596
mp-3163_v_Sn,2.455473861
mp-3188_p,0.315733715
mp-3188_v_O,0.784803591
mp-3188_v_Sb,0.819661377
mp-3188_v_Zn,0.882438045
mp-3216_p,1.900579272
mp-3216_v_Li,1.409740287
mp-3216_v_N,1.524164166
mp-3216_v_Zr,1.227396788
mp-32684_p,4.880008375
mp-32684_v_Br,4.704168397
mp-32684_v_H,4.054823087
mp-3312_p,1.229219951
mp-3312_v_Cs,1.186688554
mp-3312_v_Sb,1.0395838
mp-3312_v_Se,0.509832533
mp-33508_p,3.319789122
mp-33508_v_Ga,3.113608448
mp-33508_v_O,3.246073477
mp-33508_v_Ta,2.02126177
mp-3486_p,0.356550794
mp-3486_v_K,0.343162792
mp-3486_v_Sb,0.414483835
mp-3486_v_Sn,0.092083331
mp-3524_p,4.177056634
mp-3524_v_Li,3.451927614
mp-3524_v_N,2.23168742
mp-3524_v_P,2.406221252
mp-358_p,0.523683128
mp-358_v_Hg,0.459600314
mp-358_v_Te,0.41968121
mp-361_p,0.431218838
mp-361_v_Cu,0.885322452
mp-361_v_O,0.735768673
mp-3612_p,2.804133353
mp-3612_v_Nb,2.674035715
mp-3612_v_O,2.664947112
mp-3612_v_Sb,2.782064918
mp-3614_p,2.268640483
mp-3614_v_K,1.955246947
mp-3614_v_O,2.225836972
mp-3614_v_Ta,0.075620442
mp-36641_p,0.604909116
mp-36641_v_Cd,0.468661705
mp-36641_v_Ga,0.309230193
mp-36641_v_Te,0.58259578
mp-3700_p,7.85810412
mp-3700_v_F,6.992482712
mp-3700_v_Li,7.597881633
mp-3700_v_Y,7.07999453
mp-3748_p,1.81848252
mp-3748_v_Al,1.026277432
mp-3748_v_Cu,1.321493762
mp-3748_v_O,1.772876237
mp-3762_p,1.496218073
mp-3762_v_Cu,1.179668017
mp-3762_v_S,0.89019329
mp-3762_v_V,0.030313484
mp-380_p,1.153681143
mp-380_v_Se,1.010358771
mp-380_v_Zn,1.033951043
mp-390_p,2.124066388
mp-390_v_O,2.16082897
mp-390_v_Ti,2.056310036
mp-3924_p,1.619023059
mp-3924_v_Li,0.041633421
mp-3924_v_Nb,0.029143395
mp-3924_v_O,1.39115491
mp-3934_p,0.973568977
mp-3934_v_Cu,0.985678044
mp-3934_v_P,0.083049151
mp-3934_v_S,0.9736234
mp-3977_p,5.337241298
mp-3977_v_B,2.508889812
mp-3977_v_Cs,5.138053951
mp-3977_v_O,4.398775009
mp-4043_p,1.749311176
mp-4043_v_Cu,1.463754889
mp-4043_v_Nb,0.228357953
mp-4043_v_Se,0.779306891
mp-406_p,0.621562485
mp-406_v_Cd,1.246172645
mp-406_v_Te,1.231832244
mp-4081_p,1.941396352
mp-4081_v_Cu,1.674724767
mp-4081_v_Se,0.988725719
mp-4081_v_Ta,0.320903878
mp-4103_p,1.247587637
mp-4103_v_O,1.06842787
mp-4103_v_Sb,0.887934745
mp-4103_v_Sr,0.919744855
mp-4157_p,3.777375793
mp-4157_v_N,0.00941514
mp-4157_v_O,2.941632487
mp-4157_v_Sr,2.559992795
mp-4165_p,2.150298164
mp-4165_v_N,1.900388793
mp-4165_v_O,2.043711164
mp-4165_v_Ta,1.478231346
mp-4175_p,0.730734566
mp-4175_v_P,0.491492058
mp-4175_v_Sn,0.498158848
mp-4175_v_Zn,0.668556549
mp-4280_p,0.752694155
mp-4280_v_Cu,0.979990864
mp-4280_v_Ga,0.920751676
mp-4280_v_O,1.132265782
mp-430_p,2.337376444
mp-430_v_O,2.335362802
mp-430_v_Ti,2.254980367
mp-4342_p,1.794454866
mp-4342_v_K,1.734589816
mp-4342_v_Nb,2.294817836
mp-4342_v_O,1.732140791
mp-4468_p,0.797184771
mp-4468_v_Cu,0.700910887
mp-4468_v_S,0.783443021
mp-4468_v_Sb,0.234153979
mp-4473_p,0.477668674
mp-4473_v_Ba,0.417613145
mp-4473_v_Cu,0.475355706
mp-4473_v_Se,0.367244869
mp-4524_p,1.171559023
mp-4524_v_Ge,0.687359617
mp-4524_v_P,0.874682799
mp-4524_v_Zn,1.104673436
mp-4578_p,2.255334115
mp-4578_v_Ge,0.958412235
mp-4578_v_S,1.890266157
mp-4578_v_Sr,2.126542624
mp-470_p,1.077924643
mp-470_v_Ge,1.826401033
mp-470_v_O,1.54484482
mp-4721_p,1.243696408
mp-4721_v_Rb,1.221138169
mp-4721_v_Sb,0.95969117
mp-4721_v_Se,1.099965866
mp-4756_p,-0.013796173
mp-4756_v_Sb,0.312005755
mp-4756_v_Sn,0.243052102
mp-4756_v_Zn,0.320849455
mp-4763_p,1.410502206
mp-4763_v_P,0.575357551
mp-4763_v_Si,0.286073304
mp-4763_v_Zn,1.259996029
mp-4840_p,-0.006122562
mp-4840_v_Cu,1.076917822
mp-4840_v_Ga,1.027501945
mp-4840_v_Se,0.540554188
mp-486_p,0.680066965
mp-486_v_Ni,0.323570594
mp-486_v_P,0.232085913
mp-4876_p,1.134415481
mp-4876_v_Sb,0.961786447
mp-4876_v_Se,0.577860998
mp-4876_v_Tl,1.110768787
mp-4979_p,1.65064269
mp-4979_v_Al,1.187722587
mp-4979_v_Cu,1.691242078
mp-4979_v_S,1.75703921
mp-5020_p,2.806228629
mp-5020_v_Ba,2.952925213
mp-5020_v_O,2.724131877
mp-5020_v_Ti,2.924489314
mp-5045_p,1.680956174
mp-5045_v_Ge,1.157245834
mp-5045_v_S,1.696276184
mp-5045_v_Sn,1.432189681
mp-505222_p,2.331934167
mp-505222_v_Br,2.173563899
mp-505222_v_Cd,2.100855075
mp-505222_v_In,2.267905775
mp-5061_p,2.484399564
mp-5061_v_Li,2.418820123
mp-5061_v_O,2.333458005
mp-5061_v_Re,0.22103809
mp-5193_p,1.228975048
mp-5193_v_S,1.247642059
mp-5193_v_Sr,1.231424073
mp-5193_v_Zr,1.210716208
mp-5238_p,0.628909559
mp-5238_v_Cu,0.994195208
mp-5238_v_Ga,0.951310063
mp-5238_v_S,0.73925173
mp-5246_p,2.31451888
mp-5246_v_K,2.567611983
mp-5246_v_Nb,2.387010013
mp-5246_v_O,2.419255506
mp-5380_p,1.33618791
mp-5380_v_Ca,1.328106129
mp-5380_v_O,1.199668385
mp-5380_v_P,0.937051297
mp-539_p,1.576464451
mp-539_v_Ga,0.651358953
mp-539_v_S,1.482775648
mp-540771_p,1.039937548
mp-540771_v_Ba,1.044509061
mp-540771_v_S,1.058414079
mp-540771_v_Zr,1.040617833
mp-541378_p,1.460680002
mp-541378_v_Bi,0.984943337
mp-541378_v_Cs,1.418066971
mp-541378_v_S,1.191994775
mp-541837_p,0.534105089
mp-541837_v_Bi,0.476035991
mp-541837_v_Se,0.551329897
mp-545850_p,2.532944677
mp-545850_v_Bi,2.692457823
mp-545850_v_O,2.693872816
mp-545850_v_V,1.743270248
mp-5513_p,2.159196287
mp-5513_v_S,0.90532282
mp-5513_v_Tl,2.067085745
mp-5513_v_V,1.238471822
mp-552098_p,0.371816382
mp-552098_v_Bi,0.579493681
mp-552098_v_O,0.672175663
mp-552098_v_Se,0.671468167
mp-552729_p,3.409831599
mp-552729_v_I,2.224204289
mp-552729_v_K,3.305557567
mp-552729_v_O,1.487428795
mp-5532_p,2.021615518
mp-5532_v_O,1.886184449
mp-5532_v_Sr,1.788413938
mp-5532_v_Ti,1.080074343
mp-554722_p,3.655740897
mp-554722_v_Ga,2.983728502
mp-554722_v_O,3.34879646
mp-554722_v_Y,3.073281174
mp-556550_p,1.12851061
mp-556550_v_Li,0.90374456
mp-556550_v_Ni,0.141009404
mp-556550_v_O,0.529832902
mp-558984_p,3.396062638
mp-558984_v_F,3.121309271
mp-558984_v_Ga,2.6209463
mp-558984_v_O,2.309185448
mp-558984_v_Te,1.786726832
mp-5621_p,2.039874359
mp-5621_v_Cu,1.709201593
mp-5621_v_Nb,0.147866673
mp-5621_v_S,0.879662483
mp-567655_p,4.314691826
mp-567655_v_C,0.937160142
mp-567655_v_Cl,3.742926178
mp-567655_v_N,3.955800853
mp-567655_v_Sr,3.525534413
mp-567681_p,2.927809103
mp-567681_v_Br,2.303117309
mp-567681_v_Cs,2.645164434
mp-567681_v_Pb,2.10488236
mp-569028_p,1.195069661
mp-569028_v_Br,0.920343506
mp-569028_v_Rb,0.872968482
mp-569028_v_Sn,0.478865975
mp-569600_p,0.254290404
mp-569600_v_As,0.286808011
mp-569600_v_Ge,0.493233587
mp-569679_p,1.968390047
mp-569679_v_Se,1.247832539
mp-569679_v_Zn,1.113326657
mp-569707_p,1.640737745
mp-569707_v_Bi,0.42811674
mp-569707_v_Br,1.439536755
mp-569707_v_Se,1.387318105
mp-570081_p,1.662642911
mp-570081_v_Cu,1.162279941
mp-570081_v_I,1.217246941
mp-570223_p,3.591141066
mp-570223_v_Br,2.38066976
mp-570223_v_Cs,3.360198031
mp-570223_v_Ge,2.426031141
mp-570354_p,0.409585786
mp-570354_v_Br,1.426910672
mp-570354_v_Cu,1.587512274
mp-570886_p,4.232703919
mp-570886_v_Be,2.486685321
mp-570886_v_I,2.951401375
mp-571102_p,3.059104042
mp-571102_v_I,2.293103519
mp-571102_v_Tl,2.892134976
mp-571195_p,1.1220343
mp-571195_v_Te,0.853974935
mp-571195_v_Zn,0.688937877
mp-571260_p,3.110615196
mp-571260_v_Al,2.226598891
mp-571260_v_I,2.967238402
mp-571260_v_In,3.064437473
mp-571279_p,0.640501609
mp-571279_v_I,0.260467389
mp-571279_v_Zr,0.002040854
mp-571386_p,0.595004172
mp-571386_v_Cl,1.50636792
mp-571386_v_Cu,1.863326885
mp-571458_p,2.929931591
mp-571458_v_Ge,2.057888296
mp-571458_v_I,1.814346389
mp-571458_v_Rb,2.654198614
mp-573514_p,0.583847503
mp-573514_v_Cs,0.451409686
mp-573514_v_Sb,0.506403898
mp-573697_p,4.817503821
mp-573697_v_Cl,3.629345852
mp-573697_v_Cs,4.199995833
mp-5756_p,0.095811291
mp-5756_v_Cu,0.162043805
mp-5756_v_P,0.096409941
mp-5756_v_Se,0.165826188
mp-5777_p,2.600401704
mp-5777_v_Ba,2.699995377
mp-5777_v_O,2.567448715
mp-5777_v_Ti,2.622769463
mp-5813_p,2.3088317
mp-5813_v_N,1.778019189
mp-5813_v_O,2.244395138
mp-5813_v_Ta,1.738290565
mp-5827_p,2.026622413
mp-5827_v_Ca,2.763098582
mp-5827_v_O,2.670960828
mp-5827_v_Ti,2.710090802
mp-5853_p,5.19024539
mp-5853_v_Li,4.824905318
mp-5853_v_N,3.024763272
mp-5853_v_Si,2.967238402
mp-5966_p,0.266943699
mp-5966_v_Cd,0.857077033
mp-5966_v_O,0.857349146
mp-5966_v_Sn,0.797293617
mp-5967_p,1.199205792
mp-5967_v_Co,0.175214116
mp-5967_v_Sb,0.642977846
mp-5967_v_Ti,0.663767345
mp-5970_p,0.889975599
mp-5970_v_Ba,0.838654924
mp-5970_v_Cu,0.887961956
mp-5970_v_S,0.464362306
mp-5986_p,2.047983352
mp-5986_v_Ba,2.033125935
mp-5986_v_O,2.07465051
mp-5986_v_Ti,1.95628098
mp-6031_p,3.717864491
mp-6031_v_Li,3.556691451
mp-6031_v_N,2.124229656
mp-6031_v_Nb,0.046286568
mp-6031_v_O,3.137472834
mp-608555_p,2.504644836
mp-608555_v_Cl,1.870837227
mp-608555_v_Cs,2.1582711
mp-608555_v_Sn,0.414347778
mp-614013_p,3.074043093
mp-614013_v_Cs,2.893359488
mp-614013_v_I,2.034051122
mp-614013_v_Sn,2.090161
mp-616378_p,1.233464927
mp-616378_v_Cs,1.173790357
mp-616378_v_I,1.091475914
mp-616378_v_Sn,1.195396198
mp-618991_p,0.505179386
mp-618991_v_Cu,0.483437488
mp-618991_v_S,0.589017667
mp-625404_p,5.558578714
mp-625404_v_Al,4.64062981
mp-625404_v_H,4.657065488
mp-625404_v_O,3.700122668
mp-6356_p,0.965242293
mp-6356_v_Ag,0.969623326
mp-6356_v_Cd,0.943228281
mp-6356_v_Ga,0.94477933
mp-6356_v_S,0.915363822
mp-644271_p,3.441995458
mp-644271_v_H,2.360179586
mp-644271_v_Li,3.279652327
mp-644271_v_S,3.511194013
mp-6456_p,3.475193349
mp-6456_v_Ge,2.665436917
mp-6456_v_Li,3.340796312
mp-6456_v_Nb,2.009832988
mp-6456_v_O,3.114071042
mp-6492_p,3.377994277
mp-6492_v_Ba,3.122615417
mp-6492_v_O,2.250844236
mp-6492_v_Sb,0.36648295
mp-6492_v_Y,1.587702753
mp-6557_p,4.347182221
mp-6557_v_Cs,4.128756424
mp-6557_v_F,2.379418036
mp-6557_v_O,4.361930792
mp-6557_v_P,0.340332808
mp-6560_p,4.243588474
mp-6560_v_F,1.80865921
mp-6560_v_K,3.755388993
mp-6560_v_O,2.895073805
mp-6560_v_S,0.275760188
mp-665_p,1.157790062
mp-665_v_Se,0.76692571
mp-665_v_Sn,0.126641792
mp-669458_p,2.256313725
mp-669458_v_Bi,0.569343834
mp-669458_v_Cs,1.998703531
mp-669458_v_I,1.523592727
mp-6695_p,3.50131628
mp-6695_v_Ba,3.187868321
mp-6695_v_Cd,3.001905708
mp-6695_v_O,3.225447246
mp-6695_v_P,0.243623541
mp-672_p,1.055230347
mp-672_v_Cd,1.199341849
mp-672_v_S,1.171640658
mp-675011_p,7.146363101
mp-675011_v_Cs,6.757321912
mp-675011_v_F,4.661147196
mp-675011_v_P,2.316450888
mp-676049_p,7.367373981
mp-676049_v_B,3.452825589
mp-676049_v_F,6.766954743
mp-676049_v_K,6.664395028
mp-677072_p,1.210280826
mp-677072_v_Ca,1.036808239
mp-677072_v_In,0.897241039
mp-677072_v_Te,0.883989094
mp-691_p,0.532880577
mp-691_v_Se,0.35176159
mp-691_v_Sn,0.466185469
mp-696736_p,7.05525938
mp-696736_v_Be,3.691251756
mp-696736_v_F,6.552365751
mp-696736_v_Rb,6.580556747
mp-697_p,0.404878216
mp-697_v_O,1.763216195
mp-697_v_Sn,1.842319694
mp-6980_p,1.036536125
mp-6980_v_Cu,0.986412751
mp-6980_v_S,0.651059627
mp-6980_v_Sc,0.483627968
mp-6987_p,0.844532584
mp-6987_v_Ga,0.302454558
mp-6987_v_Sr,0.574051404
mp-6987_v_Te,0.590949675
mp-7_p,2.495529021
mp-7_v_S,2.009778565
mp-700_p,0.891798761
mp-700_v_Ge,0.805184919
mp-700_v_Se,0.629861957
mp-7020_p,4.166743519
mp-7020_v_Li,4.106470298
mp-7020_v_O,2.689274091
mp-7020_v_Y,3.89509225
mp-7041_p,2.22325189
mp-7041_v_Ca,1.74408659
mp-7041_v_Hg,0.882873427
mp-7041_v_O,2.27525285
mp-7084_p,0.483029317
mp-7084_v_Ca,0.418266218
mp-7084_v_Si,0.484036139
mp-7084_v_Sr,0.473015527
mp-7089_p,0.975827522
mp-7089_v_K,0.682815315
mp-7089_v_Mg,0.538921505
mp-7089_v_Sb,0.952833901
mp-717_p,8.655397737
mp-717_v_B,5.974395907
mp-717_v_O,5.289675795
mp-7223_p,0.694380154
mp-7223_v_As,0.852206194
mp-7223_v_Ca,0.762082083
mp-7223_v_N,0.805320976
mp-7277_p,1.758644682
mp-7277_v_Ge,1.167123567
mp-7277_v_S,1.218036071
mp-7277_v_Tl,1.727678124
mp-7288_p,1.983900537
mp-7288_v_O,1.120537674
mp-7288_v_S,1.507592432
mp-7288_v_Sc,1.178525138
mp-736_p,0.762272563
mp-736_v_Li,0.967228724
mp-736_v_P,0.813729294
mp-7387_p,1.770672114
mp-7387_v_Ag,0.015755393
mp-7387_v_F,0.931445751
mp-7387_v_K,1.444407593
mp-7435_p,0.225582392
mp-7435_v_Cu,0.394020873
mp-7435_v_K,0.370945617
mp-7435_v_Se,0.355734452
mp-7437_p,0.820532141
mp-7437_v_K,0.621535273
mp-7437_v_P,0.908941935
mp-7437_v_Zn,0.411653851
mp-7438_p,0.436688326
mp-7438_v_K,0.418946503
mp-7438_v_Sb,0.672474988
mp-7438_v_Zn,0.275896245
mp-7444_p,0.539248041
mp-7444_v_Rb,0.440770034
mp-7444_v_Sb,0.491301579
mp-7470_p,1.253873467
mp-7470_v_Cu,0.815987839
mp-7470_v_O,1.325874795
mp-7470_v_Rb,1.170633836
mp-7502_p,1.180865318
mp-7502_v_K,1.431101225
mp-7502_v_O,1.308786044
mp-7502_v_Sn,1.473333297
mp-753539_p,3.213093277
mp-753539_v_F,2.292042275
mp-753539_v_O,2.282491078
mp-753539_v_Sb,2.045071733
mp-754153_p,4.332624129
mp-754153_v_Br,4.252867556
mp-754153_v_H,2.776840332
mp-754153_v_Li,4.163069982
mp-754153_v_O,4.366148557
mp-754496_p,0.575629665
mp-754496_v_Li,0.36079577
mp-754496_v_S,0.580718194
mp-754496_v_Sb,0.584527788
mp-7548_p,1.084400953
mp-7548_v_Ba,0.981242588
mp-7548_v_Se,1.046332224
mp-755893_p,0.732122347
mp-755893_v_Ca,0.694761114
mp-755893_v_O,0.641535642
mp-7566_p,2.272286808
mp-7566_v_In,1.497088837
mp-7566_v_O,1.865939178
mp-7566_v_P,0.476063202
mp-7575_p,0.433912765
mp-7575_v_Li,2.302954041
mp-7575_v_N,1.473578199
mp-7575_v_Zn,2.319144816
mp-760762_p,3.757810806
mp-760762_v_F,3.415709259
mp-760762_v_Nb,1.993995961
mp-760762_v_O,2.833902609
mp-7638_p,3.492771904
mp-7638_v_Li,3.483792147
mp-7638_v_O,3.481996195
mp-7638_v_Ta,3.156874553
mp-7643_p,1.31126228
mp-7643_v_Ag,0.788096168
mp-7643_v_K,1.2472611
mp-7643_v_Sb,1.260104874
mp-7670_p,0.574323518
mp-7670_v_K,0.503383434
mp-7670_v_Se,0.381313155
mp-7752_p,0.309039714
mp-7752_v_N,0.682080608
mp-7752_v_Sb,0.58338491
mp-7752_v_Sr,0.546241368
mp-7885_p,1.702834129
mp-7885_v_Ag,1.736004808
mp-7885_v_Al,1.116319909
mp-7885_v_S,1.207205939
mp-7897_p,0.28993732
mp-7897_v_K,0.707795368
mp-7897_v_P,0.523955242
mp-7907_p,2.158026198
mp-7907_v_Al,0.883444866
mp-7907_v_Se,2.061480199
mp-7907_v_Zn,1.491047909
mp-7909_p,1.707215162
mp-7909_v_Al,0.782164086
mp-7909_v_Cd,1.206988248
mp-7909_v_Te,1.649771925
mp-7911_p,1.421658874
mp-7911_v_Cu,0.913867196
mp-7911_v_K,1.303534247
mp-7911_v_O,1.482013729
mp-7936_p,1.190579782
mp-7936_v_Li,0.199568307
mp-7936_v_Nb,0.022422182
mp-7936_v_S,0.678951298
mp-7938_p,0.883227175
mp-7938_v_K,0.18294215
mp-7938_v_Nb,0.012544449
mp-7938_v_S,0.487219871
mp-8016_p,0.871662336
mp-8016_v_Al,0.964942968
mp-8016_v_Cu,0.984916125
mp-8016_v_Se,0.989269947
mp-804_p,1.651404608
mp-804_v_Ga,1.638696891
mp-804_v_N,1.966240347
mp-8041_p,2.113916541
mp-8041_v_Rb,1.939028961
mp-8041_v_S,1.77902601
mp-8062_p,2.82979369
mp-8062_v_C,2.633164213
mp-8062_v_Si,0.454294093
mp-8127_p,4.013597837
mp-8127_v_C,2.78818748
mp-8127_v_K,3.864996457
mp-8127_v_Mg,3.73157903
mp-8127_v_O,1.878646895
mp-8190_p,2.33906355
mp-8190_v_S,1.61924075
mp-8190_v_Si,1.67341862
mp-8190_v_Tl,2.157318702
mp-8192_p,2.705138329
mp-8192_v_F,2.310736497
mp-8192_v_Pt,0.870982051
mp-8192_v_Rb,2.412915253
mp-8194_p,0.646950708
mp-8194_v_Ba,0.597398774
mp-8194_v_Ge,0.646569749
mp-8194_v_P,0.60969832
mp-8203_p,1.6516223
mp-8203_v_P,0.172329709
mp-8203_v_S,1.575484841
mp-8203_v_Zr,1.163313973
mp-8217_p,5.993307821
mp-8217_v_Cs,5.556864397
mp-8217_v_F,4.651650422
mp-8217_v_Ge,2.195441854
mp-8231_p,0.83699503
mp-8231_v_O,0.611521483
mp-8231_v_S,0.899635641
mp-8231_v_Zr,0.427109919
mp-830_p,1.469142743
mp-830_v_Ga,2.272722191
mp-830_v_N,2.081534991
mp-8300_p,0.9681267
mp-8300_v_As,0.560581768
mp-8300_v_Ba,1.040155239
mp-8300_v_O,0.782300143
mp-8377_p,2.666253259
mp-8377_v_O,2.174842834
mp-8377_v_Te,2.29489947
mp-8426_p,2.137508812
mp-8426_v_K,1.936471091
mp-8426_v_Se,1.58960755
mp-8450_p,3.268141911
mp-8450_v_Ge,0.570568347
mp-8450_v_Li,2.996164105
mp-8450_v_O,1.75586912
mp-8450_v_Rb,3.197229038
mp-8459_p,2.775724665
mp-8459_v_Cd,2.348342633
mp-8459_v_O,1.280404568
mp-8459_v_S,0.630759933
mp-856_p,0.452389296
mp-856_v_O,1.635812484
mp-856_v_Sn,1.864197649
mp-8603_p,1.387916755
mp-8603_v_Ag,0.867988798
mp-8603_v_O,1.45199957
mp-8603_v_Rb,1.263860046
mp-8622_p,1.120374406
mp-8622_v_Pt,0.570405078
mp-8622_v_Rb,1.013188755
mp-8622_v_Se,1.187559319
mp-8624_p,1.813040243
mp-8624_v_K,1.663921846
mp-8624_v_O,1.475183671
mp-8624_v_Sn,1.619131904
mp-862871_p,3.120628986
mp-862871_v_Cl,2.970966362
mp-862871_v_Pb,3.011810652
mp-867168_p,1.118904991
mp-867168_v_Au,0.772885004
mp-867168_v_Sb,0.610569085
mp-867168_v_Sr,1.055556884
mp-8673_p,1.655132568
mp-8673_v_Li,1.609553496
mp-8673_v_O,1.226498812
mp-8673_v_Sn,0.901540438
mp-8673_v_Te,0.478784341
mp-867336_p,0.312060177
mp-867336_v_Cd,0.452987947
mp-867336_v_K,0.48229461
mp-867336_v_Sb,0.437994473
mp-867336_v_Sr,0.461477899
mp-8702_p,2.639368409
mp-8702_v_Ga,0.632827999
mp-8702_v_Ge,0.515791826
mp-8702_v_Li,2.065507484
mp-8702_v_O,2.362274863
mp-8704_p,1.249982239
mp-8704_v_K,1.225764105
mp-8704_v_Sb,0.117716457
mp-8704_v_Se,1.257628638
mp-871_p,0.26735187
mp-871_v_Fe,0.167948676
mp-871_v_Si,0.183948971
mp-8755_p,1.819081171
mp-8755_v_K,1.644656185
mp-8755_v_Na,1.683486833
mp-8755_v_Te,1.303452613
mp-8781_p,1.906701834
mp-8781_v_S,0.968589293
mp-8781_v_Sn,0.045007633
mp-8789_p,1.276486129
mp-8789_v_As,0.957487048
mp-8789_v_Ca,1.258961996
mp-8789_v_O,1.218226551
mp-8818_p,0.902247934
mp-8818_v_Ca,0.377911732
mp-8818_v_N,1.019066415
mp-8818_v_Zn,0.728829769
mp-886_p,1.954974833
mp-886_v_Ga,1.327643535
mp-886_v_O,1.818536943
mp-8880_p,2.272205174
mp-8880_v_Al,0.379163456
mp-8880_v_P,1.730916279
mp-8882_p,1.243043335
mp-8882_v_Ga,0.341856645
mp-8882_v_P,0.9824671
mp-8890_p,1.609852822
mp-8890_v_Cs,1.514150376
mp-8890_v_S,0.711468905
mp-8890_v_Sb,0.841185583
mp-8936_p,1.621934677
mp-8936_v_Se,0.947827006
mp-8936_v_Sn,0.028381476
mp-8946_p,1.691323712
mp-8946_v_B,1.089299003
mp-8946_v_S,1.402093888
mp-8946_v_Tl,1.450856692
mp-8965_p,1.41412132
mp-8965_v_K,1.318663777
mp-8965_v_S,1.201763662
mp-8965_v_Sn,0.345802296
mp-8976_p,1.80572038
mp-8976_v_Cu,1.348650725
mp-8976_v_S,1.367127256
mp-8976_v_W,0.065497807
mp-8978_p,1.518694678
mp-8978_v_Cs,1.50832714
mp-8978_v_N,1.535837851
mp-8978_v_Nb,1.341630187
mp-9008_p,1.100074712
mp-9008_v_Au,1.104727859
mp-9008_v_Rb,1.106442176
mp-9008_v_Te,1.180756472
mp-9029_p,1.047529525
mp-9029_v_Ca,0.732612152
mp-9029_v_N,0.758109221
mp-9029_v_V,0.767061767
mp-9173_p,2.556645795
mp-9173_v_O,2.503774071
mp-9173_v_Ti,2.286518363
mp-9197_p,4.143287304
mp-9197_v_As,1.06059099
mp-9197_v_Li,3.584909658
mp-9197_v_O,2.475256538
mp-9203_p,2.69395445
mp-9203_v_Al,1.037923906
mp-9203_v_Cd,1.663350407
mp-9203_v_O,2.529488831
mp-9203_v_S,2.562713934
mp-9244_p,1.243179392
mp-9244_v_B,0.056300358
mp-9244_v_C,0.575194282
mp-9244_v_Li,0.980507881
mp-9248_p,1.133980099
mp-9248_v_Cu,1.16638886
mp-9248_v_S,1.015964317
mp-9248_v_Si,0.139295086
mp-9306_p,0.732802632
mp-9306_v_N,0.89549951
mp-9306_v_Sr,0.61263715
mp-9306_v_Zn,0.493995506
mp-9307_p,0.865403717
mp-9307_v_Ba,0.849920438
mp-9307_v_N,0.971582546
mp-9307_v_Zn,0.783579078
mp-9321_p,1.119041048
mp-9321_v_Ba,1.151313752
mp-9321_v_Hf,0.950874681
mp-9321_v_S,1.07727157
mp-9339_p,0.37630626
mp-9339_v_Nb,0.098314739
mp-9339_v_P,0.330672766
mp-9517_p,0.765810043
mp-9517_v_N,0.653590286
mp-9517_v_Sr,1.195015238
mp-9517_v_Ti,0.707196717
mp-9562_p,1.473142817
mp-9562_v_As,1.462720856
mp-9562_v_Be,1.140701311
mp-9562_v_Li,1.381277177
mp-9569_p,1.00268516
mp-9569_v_Ca,0.933949199
mp-9569_v_P,1.098305972
mp-9569_v_Zn,0.915173342
mp-9576_p,1.611485505
mp-9576_v_K,1.482884493
mp-9576_v_Sb,1.272377209
mp-9576_v_Se,0.836858973
mp-9657_p,3.250726624
mp-9657_v_As,1.072482366
mp-9657_v_Li,3.079077199
mp-9657_v_O,2.745220701
mp-9664_p,1.796114761
mp-9664_v_B,0.145635339
mp-9664_v_K,1.749800981
mp-9664_v_P,1.768903374
mp-966582_p,2.78954805
mp-966582_v_Al,0.240548654
mp-966582_v_Ca,2.598496907
mp-966582_v_H,2.011547305
mp-9668_p,1.591049754
mp-9668_v_Ba,1.544599917
mp-9668_v_S,1.340677789
mp-9668_v_Ti,1.038141597
mp-9693_p,1.578886264
mp-9697_p,0.41045655
mp-9697_v_Cs,0.38846975
mp-9697_v_Ga,0.320305228
mp-9697_v_Sb,0.416715169
mp-971_p,2.098569319
mp-971_v_K,1.953260516
mp-971_v_O,1.849285809
mp-9774_p,0.88194824
mp-9774_v_Ba,0.885703411
mp-9774_v_O,0.546132522
mp-9774_v_Sb,0.39829306
mp-9781_p,2.007492809
mp-9781_v_K,1.963328729
mp-9781_v_S,1.975465007
mp-9781_v_Sb,0.20669769
mp-9783_p,3.933160979
mp-9783_v_As,1.549960561
mp-9783_v_Ba,3.852996236
mp-9783_v_O,3.488717408
mp-9813_p,1.704058641
mp-9813_v_S,0.926193954
mp-9813_v_W,0.080518492
mp-9843_p,1.392379423
mp-9843_v_Al,1.17994013
mp-9843_v_P,1.295724579
mp-9843_v_Sr,1.363154394
mp-9846_p,1.522994077
mp-9846_v_Ca,0.941840501
mp-9846_v_Rb,1.389957609
mp-9846_v_Sb,1.231015902
mp-9856_p,1.427781436
mp-9856_v_Cs,1.393876049
mp-9856_v_Se,1.042821955
mp-9856_v_Zr,0.053796911
mp-985829_p,1.521225337
mp-985829_v_Hf,0.088518639
mp-985829_v_S,0.344033556
mp-985831_p,0.779415736
mp-985831_v_Hf,0.070695181
mp-985831_v_Se,0.195785924
mp-989196_p,1.914620348
mp-989196_v_Cl,1.583811525
mp-989196_v_O,0.865131603
mp-989196_v_Sb,0.635685194
mp-9919_p,0.437178131
mp-9919_v_Li,0.435409391
mp-9919_v_Sb,0.544663107
mp-9919_v_Zn,0.436198522
mp-997024_p,1.563076449
mp-997024_v_Au,0.059620147
mp-997024_v_Cs,1.344541806
mp-997024_v_O,1.018250073
mp-998567_p,3.129908069
mp-998567_v_Cl,2.965306393
mp-998567_v_In,3.118288807
mp-998567_v_Sn,3.094832592
mp-998591_p,3.441804978
mp-998591_v_Cl,3.344388215
mp-998591_v_Li,3.423301235
mp-998591_v_Sn,3.408389396
mp-998612_p,3.475982479
mp-998612_v_Br,2.755506605
mp-998612_v_Ge,2.727070707
mp-998612_v_K,3.290972264
mp-998759_p,3.702789383
mp-998759_v_Cd,3.240631199
mp-998759_v_F,3.355109501
mp-998759_v_Tl,3.63127786
mvc-7701_p,1.100374037
mvc-7701_v_O,0.955500617
mvc-7701_v_Sn,0.833511972
mvc-7701_v_Zn,0.896343063
